scope,strategies,draws,extra_hits,extra_per_draw,adds_hit_pct,mean_new_numbers,mean_overlap,combined_hits,combined_per_draw,union_at_least_3_pct,union_all_6_draws,companion_hits,base_hits,extra_when_base_zero,base_zero_draws,random_expected_extra,extra_above_random,hits_per_100_new_numbers
full,['residual_coverage'],791,541,0.683944374209861,53.22376738305942,6.0,0.0,1196,1.5120101137800253,17.06700379266751,0,541,655,228,309,581.1428571428571,-40.14285714285711,11.399072903497682
full,['randomness'],791,508,0.6422250316055625,51.45385587863464,5.233881163084703,0.7661188369152971,1163,1.470290771175727,14.791403286978507,0,590,655,227,309,506.9387755102041,1.0612244897959044,12.270531400966183
full,['entropy'],791,500,0.6321112515802781,50.31605562579014,5.079646017699115,0.9203539823008849,1155,1.4601769911504425,14.791403286978507,0,595,655,218,309,492.0,8.0,12.444001991040318
full,['doublet_triplet_markov'],791,499,0.6308470290771175,48.798988621997474,5.006321112515803,0.9936788874841972,1154,1.458912768647282,13.90644753476612,0,609,655,221,309,484.8979591836735,14.102040816326507,12.6010101010101
full,['border_group_bayesian'],791,464,0.5865992414664981,46.27054361567636,4.649810366624526,1.3501896333754742,1119,1.4146649810366625,14.917825537294563,0,615,655,213,309,450.3673469387755,13.632653061224516,12.615551930396954
full,['categorical_chi_square'],791,464,0.5865992414664981,47.15549936788875,4.653603034134008,1.3463969658659924,1119,1.4146649810366625,13.147914032869785,0,619,655,216,309,450.734693877551,13.265306122448976,12.605270306981799
full,['mksp'],791,460,0.5815423514538559,46.64981036662453,4.596713021491783,1.4032869785082174,1115,1.4096080910240203,13.527180783817952,0,613,655,213,309,445.2244897959184,14.775510204081627,12.651265126512651
full,['bayesian'],791,450,0.5689001264222503,46.77623261694058,4.687737041719343,1.3122629582806573,1105,1.3969658659924147,12.13653603034134,0,615,655,213,309,454.0408163265306,-4.040816326530603,12.135922330097088
full,['decision_tree_selector'],791,438,0.5537294563843237,45.51201011378002,4.491782553729457,1.5082174462705435,1093,1.381795195954488,12.262958280657395,0,624,655,203,309,435.0612244897959,2.9387755102040956,12.32761047002533
full,['emd'],791,435,0.549936788874842,46.52338811630847,4.433628318584071,1.5663716814159292,1090,1.3780025284450064,11.883691529709228,0,612,655,200,309,429.42857142857144,5.571428571428555,12.403763900769889
full,['tbl'],791,421,0.5322376738305942,44.37420986093552,4.245259165613148,1.754740834386852,1076,1.3603034134007586,13.147914032869785,0,612,655,174,309,411.18367346938777,9.81632653061223,12.537224538415723
full,['predictive_grid'],791,419,0.5297092288242731,43.99494310998736,4.415929203539823,1.584070796460177,1074,1.3577749683944373,12.642225031605562,0,606,655,196,309,427.7142857142857,-8.714285714285722,11.99541941024907
full,['recurrence_dynamics'],791,339,0.42857142857142855,36.40960809102402,3.424778761061947,2.575221238938053,994,1.2566371681415929,8.723135271807838,0,638,655,162,309,331.7142857142857,7.285714285714278,12.513842746400886
selection_first_70pct,['residual_coverage'],553,367,0.6636528028933092,51.89873417721519,6.0,0.0,824,1.4900542495479205,17.540687160940326,0,367,457,154,219,406.2857142857143,-39.28571428571428,11.06088004822182
selection_first_70pct,['entropy'],553,366,0.6618444846292948,52.079566003616634,5.012658227848101,0.9873417721518988,823,1.488245931283906,14.64737793851718,0,435,457,165,219,339.42857142857144,26.571428571428555,13.203463203463203
selection_first_70pct,['randomness'],553,353,0.6383363471971067,50.99457504520796,5.207956600361664,0.7920433996383364,810,1.4647377938517179,15.189873417721518,0,417,457,162,219,352.6530612244898,0.34693877551018204,12.256944444444445
selection_first_70pct,['doublet_triplet_markov'],553,347,0.6274864376130199,48.824593128390596,4.996383363471971,1.003616636528029,804,1.453887884267631,14.466546112115733,0,422,457,152,219,338.3265306122449,8.67346938775512,12.558812884545784
selection_first_70pct,['border_group_bayesian'],553,338,0.6112115732368897,48.282097649186255,4.6980108499095845,1.301989150090416,795,1.437613019891501,15.732368896925859,0,443,457,158,219,318.1224489795918,19.87755102040819,13.010007698229407
selection_first_70pct,['categorical_chi_square'],553,323,0.5840867992766727,47.377938517179025,4.613019891500904,1.3869801084990958,780,1.410488245931284,11.754068716094032,0,440,457,158,219,312.3673469387755,10.632653061224516,12.66170129361035
selection_first_70pct,['mksp'],553,320,0.5786618444846293,46.835443037974684,4.616636528028933,1.383363471971067,777,1.4050632911392404,13.743218806509946,0,429,457,149,219,312.61224489795916,7.387755102040842,12.534273403838622
selection_first_70pct,['bayesian'],553,310,0.5605786618444847,45.93128390596745,4.64376130198915,1.3562386980108498,767,1.3869801084990958,11.211573236889693,0,432,457,158,219,314.44897959183675,-4.448979591836746,12.071651090342678
selection_first_70pct,['decision_tree_selector'],553,304,0.5497287522603979,45.02712477396022,4.468354430379747,1.5316455696202531,761,1.376130198915009,12.47739602169982,0,435,457,143,219,302.57142857142856,1.4285714285714448,12.302711452853096
selection_first_70pct,['emd'],553,304,0.5497287522603979,47.01627486437613,4.390596745027125,1.6094032549728752,761,1.376130198915009,11.211573236889693,0,432,457,145,219,297.3061224489796,6.693877551020421,12.520593080724877
selection_first_70pct,['predictive_grid'],553,297,0.5370705244122965,45.56962025316456,4.3779385171790235,1.6220614828209765,754,1.3634719710669079,12.115732368896927,0,430,457,143,219,296.44897959183675,0.5510204081632537,12.267657992565056
selection_first_70pct,['tbl'],553,276,0.49909584086799275,42.31464737793852,4.151898734177215,1.8481012658227849,733,1.3254972875226039,11.754068716094032,0,417,457,119,219,281.14285714285717,-5.142857142857167,12.020905923344948
selection_first_70pct,['recurrence_dynamics'],553,242,0.4376130198915009,37.25135623869801,3.4358047016274864,2.5641952983725136,699,1.2640144665461122,9.764918625678119,0,453,457,113,219,232.6530612244898,9.34693877551021,12.736842105263158
evaluation_last_30pct,['residual_coverage'],238,174,0.7310924369747899,56.30252100840336,6.0,0.0,372,1.5630252100840336,15.966386554621849,0,174,198,74,90,174.85714285714286,-0.8571428571428612,12.184873949579831
evaluation_last_30pct,['randomness'],238,155,0.6512605042016807,52.52100840336134,5.294117647058823,0.7058823529411765,353,1.4831932773109244,13.865546218487395,0,173,198,65,90,154.28571428571428,0.7142857142857224,12.301587301587302
evaluation_last_30pct,['doublet_triplet_markov'],238,152,0.6386554621848739,48.739495798319325,5.029411764705882,0.9705882352941176,350,1.4705882352941178,12.605042016806722,0,187,198,69,90,146.57142857142858,5.428571428571416,12.698412698412698
evaluation_last_30pct,['tbl'],238,145,0.6092436974789915,49.15966386554622,4.46218487394958,1.5378151260504203,343,1.4411764705882353,16.386554621848738,0,195,198,55,90,130.0408163265306,14.959183673469397,13.653483992467043
evaluation_last_30pct,['categorical_chi_square'],238,141,0.592436974789916,46.63865546218487,4.7478991596638656,1.2521008403361344,339,1.4243697478991597,16.386554621848738,0,179,198,58,90,138.3673469387755,2.632653061224488,12.47787610619469
evaluation_last_30pct,['bayesian'],238,140,0.5882352941176471,48.739495798319325,4.7899159663865545,1.2100840336134453,338,1.4201680672268908,14.285714285714286,0,183,198,55,90,139.59183673469389,0.4081632653061149,12.280701754385966
evaluation_last_30pct,['mksp'],238,140,0.5882352941176471,46.21848739495798,4.550420168067227,1.449579831932773,338,1.4201680672268908,13.025210084033613,0,184,198,64,90,132.6122448979592,7.387755102040813,12.927054478301015
evaluation_last_30pct,['decision_tree_selector'],238,134,0.5630252100840336,46.63865546218487,4.546218487394958,1.453781512605042,332,1.3949579831932772,11.764705882352942,0,189,198,60,90,132.48979591836735,1.5102040816326507,12.384473197781885
evaluation_last_30pct,['entropy'],238,134,0.5630252100840336,46.21848739495798,5.235294117647059,0.7647058823529411,332,1.3949579831932772,15.126050420168067,0,160,198,53,90,152.57142857142858,-18.571428571428584,10.754414125200642
evaluation_last_30pct,['emd'],238,131,0.5504201680672269,45.378151260504204,4.533613445378151,1.4663865546218486,329,1.3823529411764706,13.445378151260504,0,180,198,55,90,132.12244897959184,-1.1224489795918373,12.140871177015756
evaluation_last_30pct,['border_group_bayesian'],238,126,0.5294117647058824,41.596638655462186,4.53781512605042,1.4621848739495797,324,1.361344537815126,13.025210084033613,0,172,198,55,90,132.24489795918367,-6.244897959183675,11.666666666666666
evaluation_last_30pct,['predictive_grid'],238,122,0.5126050420168067,40.33613445378151,4.504201680672269,1.495798319327731,320,1.3445378151260505,13.865546218487395,0,176,198,53,90,131.26530612244898,-9.265306122448976,11.380597014925373
evaluation_last_30pct,['recurrence_dynamics'],238,97,0.40756302521008403,34.45378151260504,3.399159663865546,2.600840336134454,295,1.2394957983193278,6.302521008403361,0,185,198,49,90,99.06122448979592,-2.0612244897959187,11.990111248454882
latest_100,['residual_coverage'],100,70,0.7,52.0,6.0,0.0,157,1.57,16.0,0,70,87,33,37,73.46938775510205,-3.4693877551020478,11.666666666666666
latest_100,['randomness'],100,68,0.68,55.0,5.32,0.68,155,1.55,16.0,0,80,87,29,37,65.14285714285714,2.857142857142861,12.781954887218046
latest_100,['bayesian'],100,66,0.66,52.0,4.92,1.08,153,1.53,20.0,0,83,87,24,37,60.244897959183675,5.755102040816325,13.414634146341463
latest_100,['tbl'],100,66,0.66,52.0,4.53,1.47,153,1.53,20.0,0,90,87,26,37,55.46938775510204,10.53061224489796,14.56953642384106
latest_100,['categorical_chi_square'],100,64,0.64,46.0,4.91,1.09,151,1.51,20.0,0,78,87,25,37,60.12244897959184,3.8775510204081627,13.034623217922608
latest_100,['doublet_triplet_markov'],100,56,0.56,45.0,5.07,0.93,143,1.43,10.0,0,70,87,25,37,62.08163265306123,-6.081632653061227,11.045364891518737
latest_100,['border_group_bayesian'],100,52,0.52,40.0,4.39,1.61,139,1.39,14.0,0,77,87,22,37,53.755102040816325,-1.7551020408163254,11.845102505694761
latest_100,['emd'],100,51,0.51,41.0,4.64,1.36,138,1.38,12.0,0,67,87,21,37,56.816326530612244,-5.816326530612244,10.991379310344827
latest_100,['entropy'],100,51,0.51,45.0,5.2,0.8,138,1.38,14.0,0,66,87,22,37,63.673469387755105,-12.673469387755105,9.807692307692308
latest_100,['mksp'],100,51,0.51,40.0,4.43,1.57,138,1.38,15.0,0,70,87,21,37,54.244897959183675,-3.2448979591836746,11.512415349887133
latest_100,['predictive_grid'],100,51,0.51,39.0,4.6,1.4,138,1.38,17.0,0,73,87,21,37,56.326530612244895,-5.326530612244895,11.08695652173913
latest_100,['decision_tree_selector'],100,47,0.47,41.0,4.41,1.59,134,1.34,13.0,0,72,87,20,37,54.0,-7.0,10.657596371882086
latest_100,['recurrence_dynamics'],100,39,0.39,36.0,3.37,2.63,126,1.26,8.0,0,77,87,16,37,41.265306122448976,-2.265306122448976,11.572700296735905
